"日期","收盘","开盘","高","低","交易量","涨跌幅"
"2016年6月30日","12.57","12.70","12.73","12.45","24.30M","-1.02%"
"2016年6月29日","12.70","12.55","12.70","12.37","21.34M","3.67%"
"2016年6月28日","12.25","12.85","12.89","12.24","30.42M","-2.00%"
"2016年6月27日","12.50","13.55","13.55","12.37","32.94M","-8.09%"
"2016年6月24日","13.60","13.50","14.50","13.24","45.30M","-11.17%"
"2016年6月23日","15.31","15.04","15.41","14.96","14.50M","1.73%"
"2016年6月22日","15.05","14.83","15.15","14.72","13.82M","1.62%"
"2016年6月21日","14.81","14.54","14.88","14.50","17.98M","1.44%"
"2016年6月20日","14.60","14.38","14.68","14.34","13.05M","4.51%"
"2016年6月17日","13.97","13.79","14.06","13.71","35.62M","3.79%"
"2016年6月16日","13.46","13.25","13.47","13.21","16.27M","-0.44%"
"2016年6月15日","13.52","13.49","13.67","13.40","14.78M","1.50%"
"2016年6月14日","13.32","13.48","13.58","13.26","22.14M","-2.20%"
"2016年6月13日","13.62","13.74","13.77","13.51","13.88M","-2.01%"
"2016年6月10日","13.90","14.13","14.13","13.82","18.92M","-2.32%"
"2016年6月9日","14.23","14.58","14.60","14.20","11.68M","-2.06%"
"2016年6月8日","14.53","14.51","14.69","14.47","10.39M","-0.68%"
"2016年6月7日","14.63","14.53","14.77","14.51","12.31M","1.11%"
"2016年6月6日","14.47","14.48","14.64","14.36","8.90M","0.42%"
"2016年6月3日","14.41","14.97","15.01","14.29","17.26M","-3.35%"
"2016年6月2日","14.91","15.07","15.16","14.88","13.95M","-1.32%"
"2016年6月1日","15.11","15.30","15.35","15.01","12.73M","-1.63%"
"2016年5月31日","15.36","15.33","15.37","15.21","19.10M","0.52%"
"2016年5月30日","15.28","15.33","15.40","15.28","5.19M","-0.39%"
"2016年5月27日","15.34","15.30","15.40","15.13","10.21M","-0.26%"
"2016年5月26日","15.38","15.27","15.42","15.14","12.33M","0.79%"
"2016年5月25日","15.26","15.04","15.31","15.03","12.23M","2.07%"
"2016年5月24日","14.95","14.70","14.99","14.59","12.23M","1.22%"
"2016年5月23日","14.77","14.70","14.88","14.61","8.97M","0.27%"
"2016年5月20日","14.73","14.75","14.94","14.67","13.93M","1.03%"
"2016年5月19日","14.58","14.60","14.74","14.51","14.19M","1.11%"
"2016年5月18日","14.42","14.12","14.42","14.06","17.66M","1.84%"
"2016年5月17日","14.16","14.35","14.53","14.01","18.70M","-2.68%"
"2016年5月13日","14.55","14.47","14.70","14.32","10.57M","-0.14%"
"2016年5月12日","14.57","14.65","14.82","14.50","14.02M","-5.94%"
"2016年5月11日","15.49","15.56","15.60","15.24","12.09M","-0.58%"
"2016年5月10日","15.58","15.39","15.62","15.36","10.44M","2.30%"
"2016年5月9日","15.23","15.28","15.36","15.13","12.81M","0.86%"
"2016年5月6日","15.10","15.01","15.21","14.82","14.86M","0.53%"
"2016年5月4日","15.02","15.20","15.31","14.96","19.28M","-1.77%"
"2016年5月3日","15.29","16.00","16.04","15.11","28.14M","-7.50%"
"2016年5月2日","16.53","16.59","16.60","16.45","8.26M","-0.42%"
"2016年4月29日","16.60","16.61","16.67","16.52","16.92M","-1.19%"
"2016年4月28日","16.80","16.54","16.85","16.33","11.76M","1.20%"
"2016年4月27日","16.60","16.54","16.75","16.51","11.33M","0.24%"
"2016年4月26日","16.56","16.30","16.65","16.22","15.39M","2.22%"
"2016年4月25日","16.20","16.23","16.34","16.01","11.36M","0.06%"
"2016年4月22日","16.19","16.01","16.23","16.01","22.24M","0.81%"
"2016年4月21日","16.06","16.25","16.28","16.01","19.70M","-0.86%"
"2016年4月20日","16.20","15.82","16.20","15.74","14.04M","2.08%"
"2016年4月19日","15.87","15.65","15.94","15.62","8.97M","1.80%"
"2016年4月18日","15.59","15.33","15.62","15.21","7.44M","0.52%"
"2016年4月15日","15.51","15.47","15.55","15.35","13.51M","-0.13%"
"2016年4月14日","15.53","15.50","15.58","15.23","14.32M","1.11%"
"2016年4月13日","15.36","14.89","15.42","14.88","18.93M","4.63%"
"2016年4月12日","14.68","14.60","14.73","14.43","12.13M","0.75%"
"2016年4月11日","14.57","14.60","14.86","14.51","11.72M","-0.07%"
"2016年4月8日","14.58","14.47","14.77","14.47","20.86M","1.11%"
"2016年4月7日","14.42","14.61","14.64","14.30","20.06M","-1.03%"
"2016年4月6日","14.57","14.40","14.63","14.25","16.13M","0.97%"
"2016年4月5日","14.43","14.75","14.76","14.37","18.96M","-3.22%"
"2016年4月4日","14.91","15.05","15.12","14.84","14.46M","-1.39%"
"2016年4月1日","15.12","15.30","15.54","15.05","14.42M","-2.39%"
"2016年3月31日","15.49","15.70","15.76","15.35","18.37M","-2.02%"
"2016年3月30日","15.81","15.71","15.85","15.66","11.51M","1.09%"
"2016年3月29日","15.64","15.90","16.02","15.58","10.45M","-1.01%"
"2016年3月24日","15.80","15.95","15.95","15.64","12.08M","-1.62%"
"2016年3月23日","16.06","16.33","16.43","15.95","15.75M","-1.89%"
"2016年3月22日","16.37","16.33","16.38","15.94","11.46M","-0.12%"
"2016年3月21日","16.39","16.16","16.49","16.11","14.87M","1.17%"
"2016年3月18日","16.20","16.14","16.24","15.91","29.43M","1.57%"
"2016年3月17日","15.95","15.89","16.00","15.51","15.19M","1.08%"
"2016年3月16日","15.78","16.59","16.64","15.59","21.69M","-4.77%"
"2016年3月15日","16.57","16.53","16.62","16.37","14.37M","-0.66%"
"2016年3月14日","16.68","16.66","16.78","16.55","14.05M","0.60%"
"2016年3月11日","16.58","16.28","16.63","16.26","17.87M","3.30%"
"2016年3月10日","16.05","16.29","16.80","16.05","21.02M","-1.71%"
"2016年3月9日","16.33","16.23","16.69","16.18","15.97M","0.49%"
"2016年3月8日","16.25","16.36","16.46","16.21","20.33M","-1.81%"
"2016年3月7日","16.55","16.30","16.56","16.20","13.40M","0.49%"
"2016年3月4日","16.47","16.29","16.48","16.08","12.69M","0.92%"
"2016年3月3日","16.32","16.18","16.35","16.07","14.91M","0.68%"
"2016年3月2日","16.21","15.80","16.22","15.78","16.74M","3.18%"
"2016年3月1日","15.71","15.29","15.75","15.21","14.29M","2.41%"
"2016年2月29日","15.34","15.11","15.34","15.01","11.00M","0.20%"
"2016年2月26日","15.31","15.20","15.36","15.08","10.27M","2.13%"
"2016年2月25日","14.99","14.84","15.13","14.80","14.39M","2.95%"
"2016年2月24日","14.56","14.79","14.88","14.32","12.78M","-1.95%"
"2016年2月23日","14.85","15.07","15.32","14.83","11.21M","-2.50%"
"2016年2月22日","15.23","15.00","15.30","14.93","10.82M","2.97%"
"2016年2月19日","14.79","14.75","15.07","14.59","18.07M","-0.60%"
"2016年2月18日","14.88","15.35","15.43","14.84","16.90M","-1.78%"
"2016年2月17日","15.15","14.51","15.19","14.46","11.74M","3.27%"
"2016年2月16日","14.67","14.96","14.96","14.37","16.08M","-0.88%"
"2016年2月15日","14.80","15.33","15.37","14.73","17.74M","2.07%"
"2016年2月12日","14.50","14.05","14.50","14.05","24.04M","5.07%"
"2016年2月11日","13.80","14.01","14.21","13.51","31.31M","-4.63%"
"2016年2月10日","14.47","13.95","14.81","13.77","28.75M","5.39%"
"2016年2月9日","13.73","14.36","14.41","13.58","31.94M","-5.64%"
"2016年2月8日","14.55","15.35","15.35","14.45","20.03M","-4.34%"
"2016年2月5日","15.21","15.40","15.47","15.16","17.48M","-0.85%"
"2016年2月4日","15.34","15.55","15.63","14.84","29.02M","-0.65%"
"2016年2月3日","15.44","15.80","15.80","15.14","23.87M","-0.64%"
"2016年2月2日","15.54","16.00","16.01","15.21","46.92M","-6.83%"
"2016年2月1日","16.68","16.92","17.00","16.46","12.71M","-0.89%"
"2016年1月29日","16.83","16.74","16.96","16.66","15.96M","1.69%"
"2016年1月28日","16.55","16.67","16.95","16.39","13.50M","-0.72%"
"2016年1月27日","16.67","16.61","16.73","16.37","9.23M","0.60%"
"2016年1月26日","16.57","16.21","16.59","16.01","10.26M","0.24%"
"2016年1月25日","16.53","16.92","16.94","16.42","8.67M","-1.78%"
"2016年1月22日","16.83","16.78","16.98","16.71","9.99M","2.19%"
"2016年1月21日","16.47","16.43","16.63","16.21","13.47M","0.67%"
"2016年1月20日","16.36","16.79","16.81","16.27","14.30M","-3.99%"
"2016年1月19日","17.04","17.04","17.40","16.98","9.40M","1.73%"
"2016年1月18日","16.75","16.69","16.99","16.63","10.22M","0.24%"
"2016年1月15日","16.71","17.30","17.42","16.64","15.06M","-3.91%"
"2016年1月14日","17.39","17.50","17.51","16.94","13.04M","-1.53%"
"2016年1月13日","17.66","17.80","18.01","17.58","11.12M","0.51%"
"2016年1月12日","17.57","17.48","17.82","17.41","11.86M","0.23%"
"2016年1月11日","17.53","17.43","17.89","17.31","13.95M","0.40%"
"2016年1月8日","17.46","18.41","18.50","17.46","18.35M","-5.52%"
"2016年1月7日","18.48","18.38","18.53","18.02","13.75M","-2.89%"
"2016年1月6日","19.03","19.20","19.28","18.84","6.97M","-0.94%"
"2016年1月5日","19.21","19.25","19.32","18.92","5.98M","0.79%"
"2016年1月4日","19.06","19.20","19.24","18.83","9.68M","-2.36%"
"2015年12月30日","19.52","19.75","19.77","19.52","5.34M","-1.01%"
"2015年12月29日","19.72","19.52","19.72","19.49","6.06M","1.60%"
"2015年12月28日","19.41","19.35","19.52","19.28","4.67M","0.52%"
"2015年12月23日","19.31","19.15","19.35","19.02","6.33M","1.74%"
"2015年12月22日","18.98","19.13","19.24","18.86","6.71M","0.05%"
"2015年12月21日","18.97","19.04","19.32","18.97","8.92M","-1.35%"
"2015年12月18日","19.23","19.13","19.35","19.08","19.40M","0.52%"
"2015年12月17日","19.13","19.03","19.38","18.98","15.02M","2.63%"
"2015年12月16日","18.64","18.60","18.71","18.33","9.75M","0.49%"
"2015年12月15日","18.55","18.00","18.57","18.00","12.16M","3.69%"
"2015年12月14日","17.89","18.15","18.35","17.87","12.80M","-1.76%"
"2015年12月11日","18.21","18.65","18.72","18.15","12.55M","-2.78%"
"2015年12月10日","18.73","18.79","18.93","18.63","10.45M","-0.27%"
"2015年12月9日","18.78","18.96","19.12","18.64","10.57M","-0.90%"
"2015年12月8日","18.95","19.35","19.38","18.83","10.80M","-2.17%"
"2015年12月7日","19.37","19.50","19.73","19.35","7.21M","-0.46%"
"2015年12月4日","19.46","19.40","19.51","19.20","12.77M","-0.05%"
"2015年12月3日","19.47","19.82","20.07","19.44","13.75M","-2.21%"
"2015年12月2日","19.91","19.86","20.14","19.86","7.93M","0.20%"
"2015年12月1日","19.87","19.93","19.95","19.68","8.05M","0.61%"
"2015年11月30日","19.75","19.70","19.86","19.65","8.15M","-0.25%"
"2015年11月27日","19.80","19.60","19.85","19.53","4.89M","0.61%"
"2015年11月26日","19.68","19.68","19.84","19.62","3.59M","0.00%"
"2015年11月25日","19.68","19.52","19.78","19.41","8.02M","1.29%"
"2015年11月24日","19.43","19.60","19.61","19.21","9.13M","-1.27%"
"2015年11月23日","19.68","19.85","19.85","19.58","6.02M","-0.86%"
"2015年11月20日","19.85","20.07","20.08","19.85","9.85M","-0.75%"
"2015年11月19日","20.00","19.90","20.09","19.83","9.83M","1.27%"
"2015年11月18日","19.75","19.47","19.84","19.47","7.41M","0.87%"
"2015年11月17日","19.58","19.06","19.58","18.95","9.53M","3.65%"
"2015年11月16日","18.89","19.09","19.14","18.83","10.04M","-1.56%"
"2015年11月13日","19.19","19.18","19.34","19.11","10.77M","-0.26%"
"2015年11月12日","19.24","19.54","19.64","19.09","10.59M","-1.79%"
"2015年11月11日","19.59","19.55","19.80","19.43","7.11M","-0.15%"
"2015年11月10日","19.62","19.60","19.69","19.49","6.19M","-0.36%"
"2015年11月9日","19.69","19.91","19.98","19.69","8.02M","-0.91%"
"2015年11月6日","19.87","19.20","19.90","19.19","13.44M","3.22%"
"2015年11月5日","19.25","19.16","19.35","19.08","8.90M","0.68%"
"2015年11月4日","19.12","19.16","19.43","19.06","12.01M","-0.26%"
"2015年11月3日","19.17","19.50","19.50","18.92","23.18M","-4.25%"
"2015年11月2日","20.02","19.78","20.16","19.78","7.77M","1.21%"
"2015年10月30日","19.78","19.80","19.96","19.68","9.29M","-0.20%"
"2015年10月29日","19.82","20.04","20.14","19.65","8.76M","-0.85%"
"2015年10月28日","19.99","19.81","19.99","19.46","7.83M","-0.10%"
"2015年10月27日","20.01","20.10","20.20","19.97","5.61M","-0.65%"
"2015年10月26日","20.14","20.13","20.27","20.01","6.05M","0.25%"
"2015年10月23日","20.09","19.70","20.22","19.70","11.84M","2.76%"
"2015年10月22日","19.55","18.98","19.55","18.94","8.66M","2.73%"
"2015年10月21日","19.03","19.30","19.30","18.93","6.69M","-0.63%"
"2015年10月20日","19.15","19.39","19.39","19.02","8.23M","-1.08%"
"2015年10月19日","19.36","19.45","19.68","19.28","5.46M","-0.72%"
"2015年10月16日","19.50","19.22","19.54","19.12","10.45M","3.07%"
"2015年10月15日","18.92","18.80","18.92","18.67","6.06M","1.12%"
"2015年10月14日","18.71","18.65","19.07","18.55","9.23M","-0.64%"
"2015年10月13日","18.83","18.99","18.99","18.37","10.80M","-1.05%"
"2015年10月12日","19.03","19.04","19.24","18.87","7.40M","0.00%"
"2015年10月9日","19.03","19.30","19.32","19.00","7.79M","-0.37%"
"2015年10月8日","19.10","19.28","19.54","19.04","8.93M","-0.98%"
"2015年10月7日","19.29","19.38","19.62","19.26","9.48M","0.42%"
"2015年10月6日","19.21","19.05","19.27","18.86","7.45M","0.95%"
"2015年10月5日","19.03","18.78","19.07","18.54","9.25M","3.54%"
"2015年10月2日","18.38","18.34","18.72","18.09","9.33M","0.88%"
"2015年10月1日","18.22","18.24","18.38","18.10","9.56M","1.17%"
"2015年9月30日","18.01","18.05","18.17","17.95","10.01M","1.41%"
"2015年9月29日","17.76","17.50","17.90","17.42","8.48M","-0.06%"
"2015年9月28日","17.77","18.03","18.10","17.75","7.88M","-1.99%"
"2015年9月25日","18.13","17.81","18.29","17.72","11.44M","3.78%"
"2015年9月24日","17.47","17.99","18.00","17.41","12.06M","-2.67%"
"2015年9月23日","17.95","18.21","18.37","17.95","11.00M","-1.59%"
"2015年9月22日","18.24","18.71","18.75","18.22","10.75M","-2.93%"
"2015年9月21日","18.79","18.65","18.90","18.57","7.10M","0.64%"
"2015年9月18日","18.67","19.00","19.00","18.41","25.83M","-3.01%"
"2015年9月17日","19.25","19.43","19.46","19.05","8.13M","-0.88%"
"2015年9月16日","19.42","19.65","19.68","19.22","7.33M","-0.51%"
"2015年9月15日","19.52","19.50","19.57","19.15","10.00M","-0.76%"
"2015年9月14日","19.67","20.14","20.17","19.63","7.63M","-1.90%"
"2015年9月11日","20.05","20.09","20.12","19.84","4.51M","0.00%"
"2015年9月10日","20.05","20.11","20.27","19.93","5.85M","-1.28%"
"2015年9月9日","20.31","20.39","20.54","20.24","8.04M","2.06%"
"2015年9月8日","19.90","19.68","20.16","19.66","6.36M","1.43%"
"2015年9月7日","19.62","19.66","19.81","19.48","4.00M","0.10%"
"2015年9月4日","19.60","19.84","19.97","19.44","8.16M","-2.10%"
"2015年9月3日","20.02","19.80","20.13","19.70","9.59M","1.78%"
"2015年9月2日","19.67","19.84","19.88","19.56","7.77M","0.20%"
"2015年9月1日","19.63","19.80","19.95","19.41","10.63M","-2.00%"
"2015年8月31日","20.03","19.95","20.10","19.87","6.90M","0.40%"
"2015年8月28日","19.95","19.96","20.03","19.77","11.67M","0.45%"
"2015年8月27日","19.86","20.15","20.16","19.77","13.76M","1.59%"
"2015年8月26日","19.55","19.95","20.01","19.49","17.47M","-2.64%"
"2015年8月25日","20.08","19.49","20.36","19.43","16.21M","4.15%"
"2015年8月24日","19.28","19.11","19.77","18.52","28.25M","-3.84%"
"2015年8月21日","20.05","20.35","20.76","20.05","13.05M","-3.74%"
"2015年8月20日","20.83","21.24","21.39","20.79","10.40M","-2.21%"
"2015年8月19日","21.30","21.59","21.68","21.27","7.48M","-1.80%"
"2015年8月18日","21.69","21.70","21.83","21.63","4.80M","-0.32%"
"2015年8月17日","21.76","21.60","21.78","21.47","5.81M","1.16%"
"2015年8月14日","21.51","21.61","21.72","21.44","8.16M","-0.19%"
"2015年8月13日","21.55","21.64","21.85","21.52","7.69M","1.32%"
"2015年8月12日","21.27","22.00","22.00","21.16","14.12M","-3.71%"
"2015年8月11日","22.09","22.34","22.47","22.08","7.83M","-0.99%"
"2015年8月10日","22.31","22.20","22.35","22.00","6.06M","1.18%"
"2015年8月7日","22.05","22.44","22.50","22.03","7.07M","-2.00%"
"2015年8月6日","22.50","22.37","22.57","22.36","6.01M","0.13%"
"2015年8月5日","22.47","22.30","22.47","22.24","6.98M","1.13%"
"2015年8月4日","22.22","22.42","22.42","22.08","6.23M","-0.76%"
"2015年8月3日","22.39","22.27","22.44","22.26","7.75M","0.63%"
"2015年7月31日","22.25","22.30","22.30","22.04","9.77M","0.14%"
"2015年7月30日","22.22","22.00","22.22","21.98","11.25M","1.00%"
"2015年7月29日","22.00","21.76","22.00","21.70","10.34M","1.76%"
"2015年7月28日","21.62","21.36","21.64","21.27","9.65M","1.84%"
"2015年7月27日","21.23","21.70","21.72","21.11","14.61M","-1.62%"
"2015年7月24日","21.58","21.72","21.80","21.51","8.23M","-0.42%"
"2015年7月23日","21.67","21.62","21.77","21.47","12.46M","1.98%"
"2015年7月22日","21.25","21.37","21.49","21.11","9.31M","-1.12%"
"2015年7月21日","21.49","21.63","21.74","21.43","5.84M","-0.69%"
"2015年7月20日","21.64","21.58","21.72","21.50","6.65M","0.19%"
"2015年7月17日","21.60","21.53","21.63","21.41","8.25M","-0.18%"
"2015年7月16日","21.64","21.50","21.76","21.49","12.02M","1.07%"
"2015年7月15日","21.41","21.00","21.50","20.92","14.97M","1.95%"
"2015年7月14日","21.00","20.77","21.00","20.70","7.61M","0.57%"
"2015年7月13日","20.88","20.60","20.94","20.51","10.77M","1.85%"
"2015年7月10日","20.50","20.43","20.59","20.25","8.27M","1.84%"
"2015年7月9日","20.13","19.58","20.17","19.58","8.43M","2.76%"
"2015年7月8日","19.59","19.72","19.83","19.40","10.33M","-0.61%"
"2015年7月7日","19.71","19.95","20.17","19.67","11.71M","-0.95%"
"2015年7月6日","19.90","20.09","20.26","19.88","8.87M","-2.50%"
"2015年7月3日","20.41","20.43","20.52","20.18","6.81M","-0.73%"
"2015年7月2日","20.56","20.37","20.60","20.36","7.37M","0.69%"
"2015年7月1日","20.42","20.00","20.42","19.93","15.51M","2.98%"
"2015年6月30日","19.83","19.85","20.15","19.71","13.28M","-0.35%"
"2015年6月29日","19.90","19.70","20.33","19.65","13.81M","-2.93%"
"2015年6月26日","20.50","20.27","20.59","20.20","7.75M","0.39%"
"2015年6月25日","20.42","20.25","20.58","20.22","7.23M","0.20%"
"2015年6月24日","20.38","20.46","20.51","20.20","8.85M","-0.39%"
"2015年6月23日","20.46","20.20","20.50","20.14","11.15M","1.94%"
"2015年6月22日","20.07","20.00","20.10","19.82","11.42M","1.83%"
"2015年6月19日","19.71","19.64","19.79","19.59","20.29M","0.77%"
"2015年6月18日","19.56","19.60","19.74","19.28","10.93M","-0.51%"
"2015年6月17日","19.66","19.97","20.08","19.64","8.88M","-1.40%"
"2015年6月16日","19.94","19.90","20.08","19.73","7.27M","-0.50%"
"2015年6月15日","20.04","20.08","20.24","19.90","7.26M","-0.64%"
"2015年6月12日","20.17","20.35","20.39","20.06","9.04M","-1.27%"
"2015年6月11日","20.43","20.41","20.58","20.33","8.20M","-0.39%"
"2015年6月10日","20.51","20.00","20.57","19.98","10.96M","2.24%"
"2015年6月9日","20.06","20.10","20.29","19.90","8.40M","-0.55%"
"2015年6月8日","20.17","20.27","20.38","20.11","6.62M","-0.44%"
"2015年6月5日","20.26","20.47","20.50","20.17","9.47M","-1.65%"
"2015年6月4日","20.60","20.56","20.68","20.34","12.39M","-0.10%"
"2015年6月3日","20.62","20.50","20.70","20.43","10.85M","0.88%"
"2015年6月2日","20.44","20.35","20.73","20.31","11.08M","0.54%"
"2015年6月1日","20.33","20.35","20.54","20.29","9.77M","0.54%"
"2015年5月29日","20.22","20.56","20.69","20.22","13.31M","-2.32%"
"2015年5月28日","20.70","20.58","20.78","20.49","9.19M","-0.05%"
"2015年5月27日","20.71","20.30","20.71","20.26","10.69M","2.27%"
"2015年5月26日","20.25","20.29","20.45","20.17","8.61M","-0.39%"
"2015年5月22日","20.33","20.44","20.50","20.29","7.21M","-0.20%"
"2015年5月21日","20.37","20.40","20.49","20.25","11.96M","-0.44%"
"2015年5月20日","20.46","20.10","20.55","20.10","25.31M","3.23%"
"2015年5月19日","19.82","19.63","19.82","19.55","8.23M","1.48%"
"2015年5月18日","19.53","19.45","19.56","19.35","7.74M","0.88%"
"2015年5月15日","19.36","19.50","19.65","19.30","12.10M","-0.15%"
"2015年5月13日","19.39","19.45","19.59","19.29","10.24M","-1.62%"
"2015年5月12日","19.71","19.67","19.76","19.51","9.26M","-0.55%"
"2015年5月11日","19.82","19.35","19.90","19.34","15.34M","0.05%"
"2015年5月8日","19.81","19.86","19.98","19.55","14.93M","0.61%"
"2015年5月7日","19.69","19.24","19.70","18.91","20.06M","2.29%"
"2015年5月6日","19.25","19.50","19.85","19.16","24.24M","-2.63%"
"2015年5月5日","19.77","19.80","20.43","19.77","39.86M","3.78%"
"2015年5月4日","19.05","18.80","19.10","18.80","8.31M","1.01%"
"2015年4月30日","18.86","18.81","18.94","18.75","12.89M","0.05%"
"2015年4月29日","18.85","19.04","19.15","18.85","12.05M","-1.05%"
"2015年4月28日","19.05","19.20","19.24","18.98","7.85M","-1.09%"
"2015年4月27日","19.26","19.35","19.43","18.99","10.56M","-0.31%"
"2015年4月24日","19.32","19.25","19.54","19.24","11.40M","0.31%"
"2015年4月23日","19.26","19.17","19.27","19.00","10.48M","0.84%"
"2015年4月22日","19.10","19.07","19.19","18.92","9.99M","0.00%"
"2015年4月21日","19.10","19.16","19.39","19.08","13.51M","0.26%"
"2015年4月20日","19.05","18.95","19.11","18.90","8.97M","1.06%"
"2015年4月17日","18.85","19.12","19.15","18.79","17.97M","-1.15%"
"2015年4月16日","19.07","19.11","19.18","18.92","9.45M","-0.26%"
"2015年4月15日","19.12","18.95","19.15","18.95","16.86M","1.06%"
"2015年4月14日","18.92","18.92","19.08","18.83","8.01M","-0.21%"
"2015年4月13日","18.96","18.90","19.18","18.85","18.25M","-0.42%"
"2015年4月10日","19.04","18.95","19.09","18.90","10.56M","0.85%"
"2015年4月9日","18.88","18.63","18.93","18.63","8.45M","1.29%"
"2015年4月8日","18.64","18.74","18.84","18.59","7.49M","-0.85%"
"2015年4月7日","18.80","18.56","18.81","18.56","9.18M","1.40%"
"2015年4月2日","18.54","18.46","18.62","18.43","8.94M","0.38%"
"2015年4月1日","18.47","18.25","18.62","18.22","11.20M","0.82%"
"2015年3月31日","18.32","18.45","18.59","18.17","12.78M","-1.24%"
"2015年3月30日","18.55","18.27","18.55","18.15","7.73M","1.70%"
"2015年3月27日","18.24","18.36","18.43","18.21","9.81M","-0.16%"
"2015年3月26日","18.27","18.17","18.27","17.90","12.40M","-0.27%"
"2015年3月25日","18.32","18.35","18.50","18.31","13.20M","-0.43%"
"2015年3月24日","18.40","18.35","18.53","18.30","12.73M","0.00%"
"2015年3月23日","18.40","18.20","18.43","18.20","10.24M","0.44%"
"2015年3月20日","18.32","18.04","18.38","18.03","25.50M","1.55%"
"2015年3月19日","18.04","17.91","18.13","17.91","11.82M","0.61%"
"2015年3月18日","17.93","17.79","17.99","17.76","14.77M","0.62%"
"2015年3月17日","17.82","17.97","18.07","17.73","15.24M","-1.11%"
"2015年3月16日","18.02","17.61","18.11","17.60","18.24M","2.56%"
"2015年3月13日","17.57","17.37","17.60","17.35","12.30M","1.09%"
"2015年3月12日","17.38","17.32","17.40","17.28","8.99M","0.00%"
"2015年3月11日","17.38","17.20","17.40","17.18","10.09M","0.81%"
"2015年3月10日","17.24","17.19","17.34","17.18","15.32M","-0.06%"
"2015年3月9日","17.25","17.27","17.32","17.20","11.67M","-0.63%"
"2015年3月6日","17.36","17.13","17.47","17.11","14.86M","1.22%"
"2015年3月5日","17.15","16.98","17.17","16.94","11.51M","1.06%"
"2015年3月4日","16.97","16.78","17.00","16.76","35.36M","0.83%"
"2015年3月3日","16.83","16.79","16.93","16.66","13.95M","0.36%"
"2015年3月2日","16.77","16.60","16.77","16.58","33.57M","0.12%"
"2015年2月27日","16.75","16.69","16.78","16.63","10.64M","0.18%"
"2015年2月26日","16.72","16.52","16.72","16.52","11.82M","1.03%"
"2015年2月25日","16.55","16.55","16.60","16.45","6.44M","0.06%"
"2015年2月24日","16.54","16.53","16.56","16.26","10.00M","-0.24%"
"2015年2月23日","16.58","16.52","16.60","16.44","8.09M","0.42%"
"2015年2月20日","16.51","16.40","16.56","16.30","13.88M","0.24%"
"2015年2月19日","16.47","16.39","16.50","16.28","9.43M","0.37%"
"2015年2月18日","16.41","16.28","16.50","16.28","10.27M","1.17%"
"2015年2月17日","16.22","16.09","16.24","16.02","13.51M","0.06%"
"2015年2月16日","16.21","15.98","16.23","15.95","9.55M","1.38%"
"2015年2月13日","15.99","15.79","16.04","15.77","13.17M","1.91%"
"2015年2月12日","15.69","15.32","15.92","15.31","16.86M","2.68%"
"2015年2月11日","15.28","15.63","15.66","15.21","14.85M","-2.55%"
"2015年2月10日","15.68","15.70","15.77","15.25","32.47M","-2.61%"
"2015年2月9日","16.10","16.11","16.14","15.84","11.77M","-0.62%"
"2015年2月6日","16.20","15.98","16.28","15.80","9.41M","0.87%"
"2015年2月5日","16.06","15.91","16.08","15.71","12.52M","-0.93%"
"2015年2月4日","16.21","15.93","16.22","15.78","14.09M","2.53%"
"2015年2月3日","15.81","15.61","15.81","15.55","10.71M","1.80%"
"2015年2月2日","15.53","15.37","15.53","15.23","12.59M","0.91%"
"2015年1月30日","15.39","15.52","15.63","15.38","12.20M","-0.32%"
"2015年1月29日","15.44","15.18","15.50","15.07","10.91M","1.71%"
"2015年1月28日","15.18","15.53","15.61","15.17","13.89M","-2.00%"
"2015年1月27日","15.49","15.54","15.76","15.21","16.49M","-0.19%"
"2015年1月26日","15.52","15.19","15.59","15.16","12.70M","1.64%"
"2015年1月23日","15.27","15.04","15.29","14.97","22.42M","2.48%"
"2015年1月22日","14.90","14.46","14.96","14.44","18.53M","3.04%"
"2015年1月21日","14.46","14.48","14.50","14.07","16.06M","0.21%"
"2015年1月20日","14.43","14.55","14.67","14.39","14.20M","0.35%"
"2015年1月19日","14.38","14.07","14.59","13.99","20.46M","4.05%"
"2015年1月16日","13.82","14.29","14.37","13.58","39.03M","-6.18%"
"2015年1月15日","14.73","16.83","16.88","14.02","66.22M","-11.74%"
"2015年1月14日","16.69","16.89","17.03","16.65","15.37M","-2.68%"
"2015年1月13日","17.15","16.65","17.15","16.63","11.02M","2.88%"
"2015年1月12日","16.67","16.79","16.84","16.53","9.58M","-0.30%"
"2015年1月9日","16.72","16.97","16.99","16.66","9.68M","-1.76%"
"2015年1月8日","17.02","16.95","17.05","16.85","12.22M","1.55%"
"2015年1月7日","16.76","16.75","16.99","16.73","12.73M","0.96%"
"2015年1月6日","16.60","16.66","16.85","16.59","9.64M","-0.78%"
"2015年1月5日","16.73","17.16","17.24","16.67","12.63M","-2.11%"
"2014年12月30日","17.09","17.11","17.19","17.04","4.47M","-0.52%"
"2014年12月29日","17.18","17.34","17.38","17.07","6.16M","-0.81%"
"2014年12月23日","17.32","17.17","17.32","17.15","4.89M","0.64%"
"2014年12月22日","17.21","17.05","17.21","17.03","7.05M","1.00%"
"2014年12月19日","17.04","17.48","17.48","16.89","30.63M","-0.29%"
"2014年12月18日","17.09","16.97","17.17","16.96","11.83M","2.09%"
"2014年12月17日","16.74","16.64","16.78","16.61","9.39M","-0.42%"
"2014年12月16日","16.81","16.62","16.81","16.44","15.58M","0.84%"
"2014年12月15日","16.67","17.03","17.04","16.63","9.64M","-1.83%"
"2014年12月12日","16.98","17.23","17.26","16.98","7.51M","-1.74%"
"2014年12月11日","17.28","17.24","17.34","17.18","8.59M","-0.35%"
"2014年12月10日","17.34","17.40","17.48","17.29","6.31M","-0.34%"
"2014年12月9日","17.40","17.52","17.62","17.30","10.14M","-1.53%"
"2014年12月8日","17.67","17.65","17.77","17.63","4.13M","-0.34%"
"2014年12月5日","17.73","17.55","17.78","17.53","7.57M","1.20%"
"2014年12月4日","17.52","17.72","17.84","17.51","11.68M","-1.02%"
"2014年12月3日","17.70","17.51","17.77","17.50","10.00M","1.37%"
"2014年12月2日","17.46","17.39","17.59","17.36","11.33M","0.81%"
"2014年12月1日","17.32","17.32","17.48","17.21","7.87M","-0.17%"
"2014年11月28日","17.35","17.15","17.49","17.10","8.24M","1.17%"
"2014年11月27日","17.15","16.88","17.15","16.87","2.61M","1.78%"
"2014年11月26日","16.85","16.90","17.00","16.83","1.87M","-0.59%"
"2014年11月25日","16.95","16.87","17.10","16.86","2.74M","0.59%"
"2014年11月24日","16.85","16.87","17.07","16.83","4.27M","-0.30%"
"2014年11月21日","16.90","16.62","16.95","16.58","6.39M","1.99%"
"2014年11月20日","16.57","16.74","16.77","16.50","5.31M","-1.13%"
"2014年11月19日","16.76","16.80","16.85","16.72","5.55M","-0.18%"
"2014年11月18日","16.79","16.81","16.89","16.74","4.94M","-0.06%"
"2014年11月17日","16.80","16.72","16.84","16.64","5.65M","-0.47%"
"2014年11月14日","16.88","16.89","16.91","16.71","5.66M","-0.30%"
"2014年11月13日","16.93","16.81","16.98","16.75","6.95M","1.14%"
"2014年11月12日","16.74","16.90","16.98","16.70","9.28M","-0.06%"
"2014年11月11日","16.75","16.59","16.85","16.54","8.06M","0.90%"
"2014年11月10日","16.60","16.47","16.62","16.40","8.94M","0.73%"
"2014年11月7日","16.48","16.60","16.63","16.42","15.53M","-0.72%"
"2014年11月6日","16.60","16.57","16.96","16.49","16.10M","-0.24%"
"2014年11月5日","16.64","16.58","16.70","16.55","10.70M","1.16%"
"2014年11月4日","16.45","16.53","16.69","16.36","13.55M","-0.54%"
"2014年11月3日","16.54","16.70","16.75","16.52","11.47M","-0.96%"
"2014年10月31日","16.70","16.55","16.75","16.40","17.20M","2.52%"
"2014年10月30日","16.29","16.40","16.47","16.01","16.22M","-0.18%"
"2014年10月29日","16.32","16.42","16.57","16.25","15.06M","0.00%"
"2014年10月28日","16.32","15.65","16.37","15.65","32.14M","5.77%"
"2014年10月27日","15.43","15.66","15.73","15.25","12.21M","-0.96%"
"2014年10月24日","15.58","15.58","15.66","15.48","11.38M","-0.45%"
"2014年10月23日","15.65","15.51","15.75","15.37","12.96M","0.19%"
"2014年10月22日","15.62","15.50","15.63","15.46","11.77M","1.23%"
"2014年10月21日","15.43","15.05","15.46","15.00","14.71M","2.25%"
"2014年10月20日","15.09","15.08","15.16","14.94","16.78M","0.27%"
"2014年10月17日","15.05","14.53","15.12","14.48","25.35M","3.79%"
"2014年10月16日","14.50","14.79","14.86","13.95","34.63M","-1.56%"
"2014年10月15日","14.73","15.28","15.30","14.60","25.18M","-3.91%"
"2014年10月14日","15.33","15.20","15.36","14.95","19.27M","0.20%"
"2014年10月13日","15.30","15.20","15.44","15.15","16.45M","-0.39%"
"2014年10月10日","15.36","15.49","15.55","15.23","16.83M","-1.60%"
"2014年10月9日","15.61","16.00","16.05","15.53","14.13M","-1.76%"
"2014年10月8日","15.89","15.93","16.07","15.80","11.17M","-0.63%"
"2014年10月7日","15.99","16.16","16.20","15.92","14.63M","-1.72%"
"2014年10月6日","16.27","16.19","16.44","16.09","13.05M","0.56%"
"2014年10月3日","16.18","16.10","16.29","15.80","17.66M","-0.86%"
"2014年10月2日","16.32","16.61","16.65","16.32","13.55M","-2.10%"
"2014年10月1日","16.67","16.61","16.71","16.59","11.82M","0.06%"
"2014年9月30日","16.66","16.73","16.80","16.51","11.65M","-0.42%"
"2014年9月29日","16.73","16.90","16.93","16.60","13.89M","0.18%"
"2014年9月26日","16.70","16.56","16.75","16.47","13.67M","0.66%"
"2014年9月25日","16.59","16.59","16.73","16.49","11.06M","-0.06%"
"2014年9月24日","16.60","16.33","16.64","16.23","10.95M","1.72%"
"2014年9月23日","16.32","16.32","16.41","16.17","9.41M","-0.31%"
"2014年9月22日","16.37","16.60","16.64","16.33","7.94M","-1.50%"
"2014年9月19日","16.62","16.74","16.79","16.59","15.29M","0.30%"
"2014年9月18日","16.57","16.49","16.66","16.45","10.94M","0.85%"
"2014年9月17日","16.43","16.37","16.47","16.29","7.49M","0.86%"
"2014年9月16日","16.29","16.34","16.35","16.21","5.74M","-0.24%"
"2014年9月15日","16.33","16.34","16.40","16.26","6.48M","-0.79%"
"2014年9月12日","16.46","16.43","16.52","16.31","6.86M","0.43%"
"2014年9月11日","16.39","16.53","16.57","16.34","6.71M","-0.36%"
"2014年9月10日","16.45","16.28","16.49","16.27","9.18M","0.43%"
"2014年9月9日","16.38","16.40","16.51","16.32","7.12M","-0.61%"
"2014年9月8日","16.48","16.48","16.50","16.39","6.73M","-0.06%"
"2014年9月5日","16.49","16.63","16.69","16.42","11.35M","-0.78%"
"2014年9月4日","16.62","16.39","16.69","16.35","15.16M","1.22%"
"2014年9月3日","16.42","16.44","16.69","16.42","13.27M","0.18%"
"2014年9月2日","16.39","16.40","16.48","16.30","10.58M","0.24%"
"2014年9月1日","16.35","16.47","16.48","16.25","8.28M","-0.67%"
"2014年8月29日","16.46","16.35","16.51","16.35","7.30M","0.73%"
"2014年8月28日","16.34","16.40","16.44","16.26","7.99M","-0.67%"
"2014年8月27日","16.45","16.49","16.58","16.41","6.47M","-0.24%"
"2014年8月26日","16.49","16.32","16.50","16.24","6.75M","1.04%"
"2014年8月25日","16.32","16.26","16.32","16.12","5.24M","0.87%"
"2014年8月22日","16.18","16.25","16.31","16.10","7.85M","-0.43%"
"2014年8月21日","16.25","16.10","16.32","16.00","10.58M","1.12%"
"2014年8月20日","16.07","16.11","16.13","15.99","11.08M","-0.31%"
"2014年8月19日","16.12","16.08","16.13","15.97","7.29M","0.62%"
"2014年8月18日","16.02","15.97","16.05","15.89","8.75M","1.46%"
"2014年8月15日","15.79","16.10","16.15","15.79","14.06M","-1.44%"
"2014年8月14日","16.02","15.88","16.05","15.73","13.39M","0.88%"
"2014年8月13日","15.88","15.73","15.95","15.72","8.08M","1.28%"
"2014年8月12日","15.68","15.72","15.94","15.68","13.32M","-0.32%"
"2014年8月11日","15.73","15.86","15.97","15.71","12.56M","0.13%"
"2014年8月8日","15.71","15.21","15.76","15.20","23.87M","2.21%"
"2014年8月7日","15.37","15.31","15.59","15.22","16.36M","-0.45%"
"2014年8月6日","15.44","15.37","15.52","15.20","18.03M","0.13%"
"2014年8月5日","15.42","15.48","15.51","15.29","17.04M","-0.39%"
"2014年8月4日","15.48","15.61","15.65","15.36","20.99M","-1.21%"
"2014年7月31日","15.67","15.96","15.96","15.57","16.81M","-1.76%"
"2014年7月30日","15.95","16.31","16.33","15.86","21.74M","-2.27%"
"2014年7月29日","16.32","16.78","16.80","16.24","16.11M","-1.81%"
"2014年7月28日","16.62","16.60","16.63","16.39","7.86M","0.12%"
"2014年7月25日","16.60","16.62","16.81","16.56","10.05M","-0.42%"
"2014年7月24日","16.67","16.47","16.73","16.39","8.84M","1.03%"
"2014年7月23日","16.50","16.45","16.56","16.38","9.47M","0.18%"
"2014年7月22日","16.47","16.45","16.49","16.31","9.43M","0.43%"
"2014年7月21日","16.40","16.49","16.60","16.33","10.68M","-0.24%"
"2014年7月18日","16.44","16.48","16.50","16.35","12.99M","-0.84%"
"2014年7月17日","16.58","16.73","16.80","16.53","7.65M","-1.01%"
"2014年7月16日","16.75","16.61","16.88","16.54","10.30M","1.09%"
"2014年7月15日","16.57","16.44","16.71","16.37","11.64M","0.55%"
"2014年7月14日","16.48","16.31","16.57","16.24","11.95M","1.35%"
"2014年7月11日","16.26","16.28","16.35","16.09","10.93M","0.06%"
"2014年7月10日","16.25","16.38","16.38","15.98","19.66M","-0.85%"
"2014年7月9日","16.39","16.33","16.43","16.23","11.05M","0.80%"
"2014年7月8日","16.26","16.52","16.52","16.24","12.56M","-1.45%"
"2014年7月7日","16.50","16.67","16.81","16.47","14.18M","-1.26%"
"2014年7月4日","16.71","16.88","16.88","16.69","5.30M","-0.95%"
"2014年7月3日","16.87","16.69","16.93","16.56","13.62M","1.26%"
"2014年7月2日","16.66","16.47","16.68","16.43","13.28M","1.09%"
"2014年7月1日","16.48","16.36","16.53","16.34","14.56M","1.29%"
"2014年6月30日","16.27","16.32","16.46","16.21","14.38M","-0.73%"
"2014年6月27日","16.39","16.47","16.47","16.24","18.57M","-0.49%"
"2014年6月26日","16.47","16.95","16.95","16.44","20.73M","-2.54%"
"2014年6月25日","16.90","16.70","17.03","16.69","15.82M","0.42%"
"2014年6月24日","16.83","17.04","17.10","16.72","16.85M","-0.88%"
"2014年6月23日","16.98","17.06","17.08","16.89","10.36M","-0.70%"
"2014年6月20日","17.10","17.22","17.25","17.07","24.56M","-0.12%"
"2014年6月19日","17.12","17.52","17.55","17.06","13.27M","-1.61%"
"2014年6月18日","17.40","17.43","17.55","17.38","7.71M","0.00%"
"2014年6月17日","17.40","17.32","17.43","17.12","16.70M","0.52%"
"2014年6月16日","17.31","17.42","17.52","17.23","13.46M","-1.09%"
"2014年6月13日","17.50","17.66","17.68","17.42","16.53M","-1.13%"
"2014年6月12日","17.70","17.94","17.96","17.62","13.46M","-1.61%"
"2014年6月11日","17.99","18.26","18.30","17.92","14.27M","-1.59%"
"2014年6月10日","18.28","18.12","18.30","18.08","10.20M","1.05%"
"2014年6月6日","18.09","17.77","18.09","17.77","9.77M","1.57%"
"2014年6月5日","17.81","17.83","18.07","17.74","9.51M","-0.22%"
"2014年6月4日","17.85","17.92","17.99","17.79","7.11M","-0.28%"
"2014年6月3日","17.90","18.02","18.04","17.80","6.66M","-1.00%"
"2014年6月2日","18.08","18.03","18.15","18.00","7.09M","0.56%"
"2014年5月30日","17.98","18.16","18.20","17.91","9.88M","-1.48%"
"2014年5月28日","18.25","18.11","18.28","18.07","7.12M","0.77%"
"2014年5月27日","18.11","18.05","18.16","18.02","7.75M","0.39%"
"2014年5月26日","18.04","17.98","18.08","17.98","3.59M","0.56%"
"2014年5月23日","17.94","17.85","18.00","17.81","6.30M","0.45%"
"2014年5月22日","17.86","17.90","17.96","17.81","5.77M","0.17%"
"2014年5月21日","17.83","17.60","17.90","17.51","7.16M","1.08%"
"2014年5月20日","17.64","17.58","17.81","17.55","7.94M","0.17%"
"2014年5月19日","17.61","17.65","17.73","17.34","9.82M","-0.73%"
"2014年5月16日","17.74","17.72","17.80","17.50","12.89M","0.11%"
"2014年5月15日","17.72","18.19","18.29","17.65","14.29M","-3.01%"
"2014年5月14日","18.27","18.18","18.30","18.16","6.81M","0.55%"
"2014年5月13日","18.17","18.16","18.25","18.09","7.44M","0.22%"
"2014年5月12日","18.13","18.05","18.28","18.01","8.13M","-0.66%"
"2014年5月9日","18.25","18.35","18.40","18.12","9.61M","-0.65%"
"2014年5月8日","18.37","18.35","18.44","18.18","7.22M","0.33%"
"2014年5月7日","18.31","18.27","18.44","18.12","8.69M","-0.05%"
"2014年5月6日","18.32","18.45","18.65","18.18","12.82M","0.27%"
"2014年5月5日","18.27","18.35","18.35","18.07","7.45M","-0.33%"
"2014年5月2日","18.33","18.29","18.56","18.28","10.21M","-0.38%"
"2014年4月30日","18.40","18.25","18.40","18.22","8.37M","0.66%"
"2014年4月29日","18.28","18.05","18.34","18.01","9.42M","1.78%"
"2014年4月28日","17.96","17.90","18.09","17.90","5.79M","0.50%"
"2014年4月25日","17.87","18.05","18.08","17.81","12.80M","-1.43%"
"2014年4月24日","18.13","18.16","18.35","17.96","6.33M","-0.11%"
"2014年4月23日","18.15","18.22","18.28","18.12","5.28M","-0.44%"
"2014年4月22日","18.23","17.97","18.30","17.90","9.26M","2.01%"
"2014年4月17日","17.87","17.56","17.90","17.53","9.70M","2.11%"
"2014年4月16日","17.50","17.50","17.56","17.41","9.68M","0.69%"
"2014年4月15日","17.38","17.55","17.59","17.32","16.75M","-0.80%"
"2014年4月14日","17.52","17.70","17.74","17.38","10.39M","-0.74%"
"2014年4月11日","17.65","17.88","17.97","17.47","13.41M","-2.11%"
"2014年4月10日","18.03","18.21","18.27","17.97","6.41M","-0.33%"
"2014年4月9日","18.09","18.05","18.19","18.02","6.51M","0.11%"
"2014年4月8日","18.07","18.27","18.28","17.90","9.09M","-0.82%"
"2014年4月7日","18.22","18.36","18.46","18.15","8.90M","-2.04%"
"2014年4月4日","18.60","18.58","18.70","18.50","9.22M","-0.21%"
"2014年4月3日","18.64","18.65","18.74","18.58","7.56M","-0.21%"
"2014年4月2日","18.68","18.61","18.70","18.55","10.89M","0.32%"
"2014年4月1日","18.62","18.29","18.65","18.28","16.66M","1.97%"
"2014年3月31日","18.26","18.06","18.35","18.06","10.68M","1.50%"
"2014年3月28日","17.99","18.00","18.04","17.94","7.19M","0.39%"
"2014年3月27日","17.92","18.00","18.11","17.87","8.51M","-0.88%"
"2014年3月26日","18.08","18.00","18.30","18.00","11.25M","0.78%"
"2014年3月25日","17.94","17.89","18.15","17.89","9.64M","0.67%"
"2014年3月24日","17.82","18.12","18.17","17.79","9.16M","-1.55%"
"2014年3月21日","18.10","18.50","18.51","18.10","24.08M","-1.68%"
"2014年3月20日","18.41","18.00","18.41","18.00","10.83M","1.99%"
"2014年3月19日","18.05","18.11","18.38","18.03","11.66M","-0.44%"
"2014年3月18日","18.13","17.81","18.31","17.71","13.13M","1.63%"
"2014年3月17日","17.84","17.70","17.85","17.57","14.25M","0.79%"
"2014年3月14日","17.70","18.24","18.44","17.64","23.01M","-3.65%"
"2014年3月13日","18.37","18.37","18.53","18.30","10.77M","0.00%"
"2014年3月12日","18.37","18.41","18.60","18.30","10.29M","-0.65%"
"2014年3月11日","18.49","18.51","18.68","18.42","7.12M","-0.16%"
"2014年3月10日","18.52","18.49","18.79","18.42","9.02M","-0.59%"
"2014年3月7日","18.63","18.78","18.95","18.61","11.27M","-1.06%"
"2014年3月6日","18.83","18.75","18.90","18.74","10.29M","1.02%"
"2014年3月5日","18.64","18.47","18.74","18.47","10.80M","0.43%"
"2014年3月4日","18.56","18.25","18.63","18.25","12.17M","2.37%"
"2014年3月3日","18.13","18.35","18.48","18.10","18.42M","-3.92%"
"2014年2月28日","18.87","18.75","18.91","18.73","10.65M","0.75%"
"2014年2月27日","18.73","18.46","18.73","18.43","11.55M","1.52%"
"2014年2月26日","18.45","18.34","18.45","18.03","9.84M","0.27%"
"2014年2月25日","18.40","18.49","18.53","18.25","6.78M","-0.81%"
"2014年2月24日","18.55","18.45","18.56","18.37","5.03M","0.22%"
"2014年2月21日","18.51","18.65","18.69","18.43","13.80M","0.00%"
"2014年2月20日","18.51","18.45","18.52","18.36","5.87M","-0.70%"
"2014年2月19日","18.64","18.61","18.75","18.52","4.93M","-0.32%"
"2014年2月18日","18.70","18.67","18.73","18.59","5.23M","0.32%"
"2014年2月17日","18.64","18.61","18.74","18.59","4.35M","0.00%"
"2014年2月14日","18.64","18.70","18.78","18.60","6.83M","-0.27%"
"2014年2月13日","18.69","18.69","18.75","18.49","7.33M","-0.05%"
"2014年2月12日","18.70","18.62","18.85","18.59","10.58M","1.14%"
"2014年2月11日","18.49","18.55","18.68","18.38","9.93M","0.22%"
"2014年2月10日","18.45","18.47","18.50","18.27","7.98M","0.16%"
"2014年2月7日","18.42","18.42","18.47","18.26","12.45M","0.22%"
"2014年2月6日","18.38","18.32","18.48","18.20","15.04M","0.55%"
"2014年2月5日","18.28","18.40","18.56","18.22","12.87M","-0.60%"
"2014年2月4日","18.39","18.12","18.50","17.80","29.16M","5.39%"
"2014年2月3日","17.45","17.92","18.03","17.40","12.74M","-3.00%"
"2014年1月31日","17.99","17.96","18.05","17.63","13.03M","-0.11%"
"2014年1月30日","18.01","17.92","18.18","17.85","7.73M","0.06%"
"2014年1月29日","18.00","18.37","18.44","17.80","10.53M","-1.32%"
"2014年1月28日","18.24","17.95","18.29","17.89","12.85M","1.90%"
"2014年1月27日","17.90","17.83","18.04","17.75","13.83M","-0.22%"
"2014年1月24日","17.94","18.33","18.39","17.91","15.65M","-2.45%"
"2014年1月23日","18.39","18.57","18.76","18.32","13.07M","-1.87%"
"2014年1月22日","18.74","18.81","18.97","18.71","11.05M","-0.37%"
"2014年1月21日","18.81","18.93","19.05","18.77","12.12M","-0.42%"
"2014年1月20日","18.89","19.01","19.05","18.87","10.06M","-1.10%"
"2014年1月17日","19.10","19.05","19.10","18.93","21.63M","0.90%"
"2014年1月16日","18.93","18.85","19.00","18.81","15.00M","0.53%"
"2014年1月15日","18.83","18.80","18.90","18.69","11.04M","0.48%"
"2014年1月14日","18.74","18.54","18.81","18.41","11.74M","-0.11%"
"2014年1月13日","18.76","18.50","18.80","18.45","21.12M","3.13%"
"2014年1月10日","18.19","18.30","18.39","18.08","13.52M","0.00%"
"2014年1月9日","18.19","18.22","18.33","18.01","15.85M","-0.22%"
"2014年1月8日","18.23","17.94","18.23","17.82","22.19M","3.05%"
"2014年1月7日","17.69","17.29","17.70","17.21","13.08M","2.61%"
"2014年1月6日","17.24","17.05","17.27","17.04","9.14M","1.11%"
"2014年1月3日","17.05","16.77","17.13","16.76","8.06M","0.77%"
"2013年12月30日","16.92","17.09","17.10","16.85","5.85M","-0.88%"
"2013年12月27日","17.07","16.93","17.07","16.90","4.69M","1.37%"
"2013年12月23日","16.84","16.84","16.90","16.78","4.00M","0.24%"
"2013年12月20日","16.80","16.78","16.81","16.64","22.09M","1.27%"
"2013年12月19日","16.59","16.50","16.60","16.44","11.88M","2.09%"
"2013年12月18日","16.25","16.21","16.39","16.18","10.09M","0.49%"
"2013年12月17日","16.17","16.26","16.31","16.17","8.47M","-1.16%"
"2013年12月16日","16.36","16.20","16.51","16.12","8.94M","0.68%"
"2013年12月13日","16.25","16.25","16.33","16.23","8.29M","-0.31%"
"2013年12月12日","16.30","16.49","16.53","16.28","10.88M","-1.87%"
"2013年12月11日","16.61","16.46","16.67","16.44","7.84M","0.30%"
"2013年12月10日","16.56","16.66","16.78","16.53","7.60M","-1.02%"
"2013年12月9日","16.73","16.85","16.93","16.60","8.98M","-0.12%"
"2013年12月6日","16.75","16.66","16.83","16.45","11.10M","0.66%"
"2013年12月5日","16.64","16.73","16.95","16.61","9.64M","-0.89%"
"2013年12月4日","16.79","16.72","16.84","16.60","11.99M","0.48%"
"2013年12月3日","16.71","17.20","17.21","16.71","12.14M","-3.19%"
"2013年12月2日","17.26","17.23","17.41","17.22","6.61M","-0.12%"
"2013年11月29日","17.28","17.35","17.43","17.26","7.30M","-0.52%"
"2013年11月28日","17.37","17.02","17.50","16.98","13.68M","2.36%"
"2013年11月27日","16.97","16.95","17.02","16.89","7.71M","0.83%"
"2013年11月26日","16.83","16.82","16.92","16.77","8.41M","0.00%"
"2013年11月25日","16.83","16.58","16.91","16.58","8.25M","2.06%"
"2013年11月22日","16.49","16.58","16.60","16.41","8.30M","-0.60%"
"2013年11月21日","16.59","16.50","16.70","16.34","10.99M","0.12%"
"2013年11月20日","16.57","16.71","16.75","16.50","11.87M","-1.19%"
"2013年11月19日","16.77","16.93","16.96","16.74","7.14M","-1.47%"
"2013年11月18日","17.02","16.99","17.07","16.85","8.21M","0.35%"
"2013年11月15日","16.96","17.04","17.14","16.93","9.52M","-0.24%"
"2013年11月14日","17.00","17.14","17.15","16.81","12.58M","1.19%"
"2013年11月13日","16.80","16.80","16.88","16.60","9.48M","-0.53%"
"2013年11月12日","16.89","16.85","17.02","16.80","9.17M","-0.30%"
"2013年11月11日","16.94","16.87","17.00","16.78","11.05M","1.13%"
"2013年11月8日","16.75","16.57","16.75","16.48","12.36M","0.30%"
"2013年11月7日","16.70","16.90","16.98","16.59","16.17M","-0.42%"
"2013年11月6日","16.77","16.75","17.02","16.73","19.62M","1.39%"
"2013年11月5日","16.54","16.60","16.73","16.37","24.22M","0.00%"
"2013年11月4日","16.54","17.40","17.40","16.54","41.56M","-5.27%"
"2013年11月1日","17.46","17.62","17.69","17.42","10.85M","-0.57%"
"2013年10月31日","17.56","17.50","17.77","17.46","16.94M","0.63%"
"2013年10月30日","17.45","17.67","17.70","17.34","29.44M","-1.41%"
"2013年10月29日","17.70","18.10","18.25","17.66","46.68M","-7.72%"
"2013年10月28日","19.18","19.00","19.18","18.98","7.06M","1.37%"
"2013年10月25日","18.92","18.81","18.97","18.74","8.00M","0.42%"
"2013年10月24日","18.84","18.83","18.91","18.74","6.88M","-0.48%"
"2013年10月23日","18.93","19.09","19.15","18.86","6.95M","-1.56%"
"2013年10月22日","19.23","19.19","19.30","19.13","8.12M","0.05%"
"2013年10月21日","19.22","19.08","19.22","19.01","6.08M","0.68%"
"2013年10月18日","19.09","19.03","19.11","18.96","11.64M","0.74%"
"2013年10月17日","18.95","18.93","18.96","18.76","5.62M","0.00%"
"2013年10月16日","18.95","18.81","19.00","18.72","6.25M","0.11%"
"2013年10月15日","18.93","18.73","19.01","18.73","7.98M","1.61%"
"2013年10月14日","18.63","18.65","18.66","18.50","5.62M","-0.43%"
"2013年10月11日","18.71","18.72","18.81","18.53","7.55M","1.03%"
"2013年10月10日","18.52","18.15","18.59","18.10","10.58M","2.89%"
"2013年10月9日","18.00","18.00","18.15","17.95","10.70M","-0.72%"
"2013年10月8日","18.13","18.20","18.36","18.12","6.64M","-0.17%"
"2013年10月7日","18.16","18.49","18.49","18.08","11.44M","-2.16%"
"2013年10月4日","18.56","18.40","18.61","18.26","6.18M","0.54%"
"2013年10月3日","18.46","18.70","18.78","18.38","6.34M","-1.07%"
"2013年10月2日","18.66","18.80","18.82","18.51","7.11M","-0.74%"
"2013年10月1日","18.80","18.50","18.88","18.49","11.06M","1.62%"
"2013年9月30日","18.50","18.54","18.63","18.43","9.91M","-1.33%"
"2013年9月27日","18.75","18.88","18.93","18.68","5.87M","-0.48%"
"2013年9月26日","18.84","18.96","18.98","18.75","5.79M","-0.63%"
"2013年9月25日","18.96","18.96","19.08","18.85","7.70M","-0.16%"
"2013年9月24日","18.99","19.01","19.05","18.69","8.56M","0.16%"
"2013年9月23日","18.96","19.19","19.26","18.93","6.38M","-1.51%"
"2013年9月20日","19.25","19.50","19.54","19.17","13.58M","-0.82%"
"2013年9月19日","19.41","19.58","19.60","19.38","10.75M","0.52%"
"2013年9月18日","19.31","19.48","19.53","19.23","9.64M","-0.97%"
"2013年9月17日","19.50","19.54","19.54","19.31","9.91M","0.00%"
"2013年9月16日","19.50","19.51","19.59","19.36","9.60M","0.26%"
"2013年9月13日","19.45","19.18","19.45","19.11","8.48M","0.88%"
"2013年9月12日","19.28","19.35","19.39","18.96","9.42M","-0.26%"
"2013年9月11日","19.33","19.24","19.33","19.13","6.71M","0.78%"
"2013年9月10日","19.18","18.97","19.25","18.91","10.62M","1.91%"
"2013年9月9日","18.82","18.68","18.90","18.65","6.66M","1.02%"
"2013年9月6日","18.63","18.78","18.87","18.34","8.52M","-1.11%"
"2013年9月5日","18.84","18.71","18.94","18.63","7.79M","1.07%"
"2013年9月4日","18.64","18.65","18.65","18.31","7.67M","0.54%"
"2013年9月3日","18.54","18.74","18.75","18.49","7.97M","-0.22%"
"2013年9月2日","18.58","18.17","18.64","18.16","9.23M","3.11%"
"2013年8月30日","18.02","18.12","18.24","17.90","9.58M","-0.39%"
"2013年8月29日","18.09","18.17","18.25","17.91","7.52M","-0.22%"
"2013年8月28日","18.13","18.10","18.22","17.77","10.31M","-0.71%"
"2013年8月27日","18.26","18.64","18.70","18.21","8.82M","-2.67%"
"2013年8月26日","18.76","18.91","18.94","18.68","3.57M","-1.00%"
"2013年8月23日","18.95","18.91","19.07","18.81","6.20M","0.69%"
"2013年8月22日","18.82","18.32","18.88","18.31","8.21M","2.56%"
"2013年8月21日","18.35","18.50","18.65","18.29","6.71M","-0.65%"
"2013年8月20日","18.47","18.60","18.65","18.33","10.74M","-1.91%"
"2013年8月19日","18.83","19.14","19.19","18.80","8.34M","-2.18%"
"2013年8月16日","19.25","18.98","19.26","18.91","10.25M","0.94%"
"2013年8月15日","19.07","19.33","19.40","18.97","7.51M","-1.85%"
"2013年8月14日","19.43","19.10","19.47","19.04","9.49M","1.62%"
"2013年8月13日","19.12","19.00","19.12","18.93","10.61M","0.79%"
"2013年8月12日","18.97","18.87","19.02","18.87","6.09M","0.69%"
"2013年8月9日","18.84","18.87","19.05","18.81","8.75M","0.00%"
"2013年8月8日","18.84","18.67","18.95","18.55","7.84M","1.13%"
"2013年8月7日","18.63","18.66","18.73","18.52","7.43M","-0.43%"
"2013年8月6日","18.71","18.87","19.02","18.66","12.21M","-1.16%"
"2013年8月5日","18.93","18.88","18.94","18.76","6.90M","0.37%"
"2013年8月2日","18.86","18.50","18.86","18.46","16.46M","3.46%"
"2013年7月31日","18.23","18.12","18.32","18.01","9.30M","0.44%"
"2013年7月30日","18.15","17.94","18.30","17.91","14.10M","2.31%"
"2013年7月29日","17.74","17.63","17.86","17.55","6.79M","0.11%"
"2013年7月26日","17.72","17.84","17.91","17.60","7.25M","-0.45%"
"2013年7月25日","17.80","18.00","18.00","17.68","7.46M","-0.78%"
"2013年7月24日","17.94","17.95","18.11","17.91","9.33M","0.11%"
"2013年7月23日","17.92","18.10","18.20","17.83","10.12M","-0.72%"
"2013年7月22日","18.05","18.00","18.35","18.00","22.40M","2.50%"
"2013年7月19日","17.61","17.34","17.61","17.33","9.99M","1.32%"
"2013年7月18日","17.38","17.03","17.43","17.00","9.51M","2.12%"
"2013年7月17日","17.02","16.78","17.09","16.70","10.86M","1.31%"
"2013年7月16日","16.80","16.81","16.85","16.73","6.32M","0.24%"
"2013年7月15日","16.76","16.72","16.83","16.66","5.27M","0.48%"
"2013年7月12日","16.68","16.76","16.83","16.59","6.67M","-0.12%"
"2013年7月11日","16.70","16.80","16.88","16.63","8.62M","0.85%"
"2013年7月10日","16.56","16.63","16.79","16.49","6.56M","-0.42%"
"2013年7月9日","16.63","16.68","16.80","16.54","8.33M","0.79%"
"2013年7月8日","16.50","16.42","16.64","16.41","5.42M","1.04%"
"2013年7月5日","16.33","16.44","16.68","16.33","8.61M","-0.91%"
"2013年7月4日","16.48","16.09","16.49","16.06","8.64M","2.74%"
"2013年7月3日","16.04","16.01","16.04","15.62","12.03M","-0.93%"
"2013年7月2日","16.19","16.39","16.40","16.05","7.29M","-1.04%"
"2013年7月1日","16.36","16.12","16.38","16.06","7.43M","1.74%"
"2013年6月28日","16.08","16.25","16.32","15.99","9.68M","-0.56%"
"2013年6月27日","16.17","16.18","16.32","16.04","8.83M","0.31%"
"2013年6月26日","16.12","15.82","16.17","15.71","9.19M","1.64%"
"2013年6月25日","15.86","15.55","15.87","15.51","9.74M","2.72%"
"2013年6月24日","15.44","15.71","15.91","15.43","12.64M","-2.22%"
"2013年6月21日","15.79","15.94","16.32","15.79","22.44M","-1.93%"
"2013年6月20日","16.10","16.49","16.61","16.06","13.11M","-3.13%"
"2013年6月19日","16.62","16.61","16.75","16.49","7.86M","0.06%"
"2013年6月18日","16.61","16.57","16.80","16.54","7.95M","0.18%"
"2013年6月17日","16.58","16.52","16.72","16.32","9.56M","0.61%"
"2013年6月14日","16.48","16.37","16.68","16.36","9.95M","1.23%"
"2013年6月13日","16.28","15.90","16.36","15.75","13.66M","0.80%"
"2013年6月12日","16.15","16.40","16.52","16.10","11.93M","-2.06%"
"2013年6月11日","16.49","16.76","16.77","16.33","11.70M","-2.19%"
"2013年6月10日","16.86","16.91","17.11","16.81","7.45M","-0.53%"
"2013年6月7日","16.95","16.42","17.02","16.26","14.85M","3.42%"
"2013年6月6日","16.39","16.65","16.71","16.39","13.40M","-1.80%"
"2013年6月5日","16.69","16.95","17.02","16.64","11.31M","-2.28%"
"2013年6月4日","17.08","16.97","17.15","16.91","10.48M","1.30%"
"2013年6月3日","16.86","16.85","17.08","16.73","12.33M","-0.88%"
"2013年5月31日","17.01","17.11","17.17","16.88","14.59M","0.29%"
"2013年5月30日","16.96","16.89","17.18","16.69","13.80M","-0.24%"
"2013年5月29日","17.00","17.41","17.41","16.92","18.14M","-2.69%"
"2013年5月28日","17.47","17.33","17.53","17.33","12.24M","1.51%"
"2013年5月27日","17.21","17.22","17.25","17.13","5.94M","0.12%"
"2013年5月24日","17.19","17.44","17.58","17.11","15.03M","-0.75%"
"2013年5月23日","17.32","17.35","17.62","17.25","19.09M","-3.78%"
"2013年5月22日","18.00","17.87","18.02","17.82","18.95M","0.45%"
"2013年5月21日","17.92","17.90","17.93","17.62","15.39M","0.56%"
"2013年5月17日","17.82","17.44","17.86","17.41","13.81M","1.65%"
"2013年5月16日","17.53","17.58","17.69","17.46","8.32M","-0.68%"
"2013年5月15日","17.65","17.34","17.67","17.24","13.70M","2.44%"
"2013年5月14日","17.23","17.15","17.24","16.99","9.54M","0.76%"
"2013年5月13日","17.10","17.26","17.35","16.90","11.08M","-1.44%"
"2013年5月10日","17.35","17.28","17.43","17.19","14.40M","0.87%"
"2013年5月8日","17.20","17.00","17.24","16.97","15.56M","1.24%"
"2013年5月7日","16.99","16.80","17.05","16.78","13.50M","1.43%"
"2013年5月6日","16.75","16.72","16.80","16.65","5.49M","-0.95%"
"2013年5月3日","16.91","16.80","16.95","16.64","13.00M","0.77%"
"2013年5月2日","16.78","16.45","16.80","16.35","17.75M","1.08%"
"2013年4月30日","16.60","16.50","16.90","16.43","44.00M","5.67%"
"2013年4月29日","15.71","15.61","15.84","15.53","7.29M","1.16%"
"2013年4月26日","15.53","15.62","15.62","15.36","8.12M","-1.02%"
"2013年4月25日","15.69","15.50","15.78","15.39","9.96M","1.55%"
"2013年4月24日","15.45","15.30","15.51","15.25","13.83M","1.05%"
"2013年4月23日","15.29","14.86","15.34","14.84","12.64M","2.89%"
"2013年4月22日","14.86","14.78","15.02","14.75","9.62M","1.09%"
"2013年4月19日","14.70","14.45","14.84","14.45","12.84M","3.23%"
"2013年4月18日","14.24","14.55","14.57","14.13","13.56M","-1.79%"
"2013年4月17日","14.50","15.06","15.10","14.38","14.52M","-3.40%"
"2013年4月16日","15.01","14.77","15.18","14.68","11.69M","0.60%"
"2013年4月15日","14.92","14.93","15.02","14.62","8.68M","0.13%"
"2013年4月12日","14.90","15.01","15.12","14.82","10.78M","-1.65%"
"2013年4月11日","15.15","14.83","15.20","14.78","10.71M","1.81%"
"2013年4月10日","14.88","14.40","14.94","14.39","10.01M","3.91%"
"2013年4月9日","14.32","14.20","14.38","14.18","7.73M","1.42%"
"2013年4月8日","14.12","14.26","14.37","14.10","7.59M","-0.56%"
"2013年4月5日","14.20","14.36","14.55","14.09","10.62M","-1.11%"
"2013年4月4日","14.36","14.50","14.65","14.36","8.62M","-1.44%"
"2013年4月3日","14.57","14.71","14.85","14.53","7.09M","-1.15%"
"2013年4月2日","14.74","14.48","14.83","14.36","12.60M","1.31%"
"2013年3月28日","14.55","14.51","14.78","14.51","8.43M","-0.14%"
"2013年3月27日","14.57","14.83","14.88","14.48","10.84M","-1.55%"
"2013年3月26日","14.80","14.62","14.87","14.52","8.77M","0.75%"
"2013年3月25日","14.69","14.90","14.97","14.65","13.42M","0.34%"
"2013年3月22日","14.64","14.55","14.74","14.45","8.92M","0.27%"
"2013年3月21日","14.60","14.75","14.79","14.58","10.14M","-1.22%"
"2013年3月20日","14.78","14.82","14.95","14.76","9.15M","0.20%"
"2013年3月19日","14.75","15.15","15.15","14.73","12.59M","-2.90%"
"2013年3月18日","15.19","15.00","15.24","14.96","13.51M","-2.00%"
"2013年3月15日","15.50","15.47","15.50","15.27","25.39M","0.58%"
"2013年3月14日","15.41","15.13","15.43","15.12","11.05M","2.12%"
"2013年3月13日","15.09","15.10","15.20","15.01","10.45M","-0.33%"
"2013年3月12日","15.14","15.03","15.23","15.01","10.86M","0.33%"
"2013年3月11日","15.09","15.03","15.10","14.88","11.75M","-0.20%"
"2013年3月8日","15.12","14.93","15.30","14.93","17.78M","1.75%"
"2013年3月7日","14.86","14.76","14.92","14.76","9.50M","0.41%"
"2013年3月6日","14.80","14.72","14.99","14.71","13.26M","0.27%"
"2013年3月5日","14.76","14.59","14.81","14.59","17.05M","2.71%"
"2013年3月4日","14.37","14.40","14.46","14.23","14.13M","-2.31%"
"2013年3月1日","14.71","14.69","14.78","14.25","21.92M","-0.81%"
"2013年2月28日","14.83","14.91","14.96","14.72","11.29M","-0.13%"
"2013年2月27日","14.85","14.80","14.85","14.55","9.98M","1.09%"
"2013年2月26日","14.69","14.60","14.82","14.35","19.79M","-1.61%"
"2013年2月25日","14.93","14.98","15.11","14.91","11.50M","-0.33%"
"2013年2月22日","14.98","14.98","15.08","14.95","7.47M","0.00%"
"2013年2月21日","14.98","15.22","15.28","14.94","15.56M","-2.16%"
"2013年2月20日","15.31","15.29","15.41","15.22","6.95M","0.20%"
"2013年2月19日","15.28","15.11","15.28","15.09","7.86M","0.33%"
"2013年2月18日","15.23","15.17","15.34","15.16","4.20M","0.00%"
"2013年2月15日","15.23","15.40","15.50","15.23","16.04M","-1.61%"
"2013年2月14日","15.48","15.47","15.61","15.40","7.91M","-0.13%"
"2013年2月13日","15.50","15.65","15.68","15.43","9.70M","-0.77%"
"2013年2月12日","15.62","15.23","15.66","15.13","11.64M","2.70%"
"2013年2月11日","15.21","15.34","15.35","15.19","10.09M","-0.98%"
"2013年2月8日","15.36","15.45","15.50","15.35","10.79M","-0.19%"
"2013年2月7日","15.39","15.60","15.86","15.39","11.24M","-2.16%"
"2013年2月6日","15.73","15.54","15.86","15.48","14.00M","0.64%"
"2013年2月5日","15.63","15.27","16.00","15.05","16.26M","0.06%"
"2013年2月4日","15.62","15.94","16.10","15.62","12.46M","-1.64%"
"2013年2月1日","15.88","15.70","15.94","15.65","12.58M","0.63%"
"2013年1月31日","15.78","15.79","15.87","15.48","12.31M","-0.38%"
"2013年1月30日","15.84","16.16","16.22","15.79","13.06M","-2.46%"
"2013年1月29日","16.24","16.17","16.27","15.98","9.08M","-0.43%"
"2013年1月28日","16.31","16.19","16.34","16.07","8.13M","1.37%"
"2013年1月25日","16.09","16.20","16.39","16.08","12.44M","-0.98%"
"2013年1月24日","16.25","15.80","16.27","15.73","15.38M","2.52%"
"2013年1月23日","15.85","15.97","16.07","15.81","7.55M","-0.25%"
"2013年1月22日","15.89","16.03","16.06","15.76","9.80M","-0.87%"
"2013年1月21日","16.03","16.06","16.17","15.92","5.85M","0.06%"
"2013年1月18日","16.02","16.24","16.24","15.98","15.80M","-0.99%"
"2013年1月17日","16.18","16.10","16.19","16.02","14.40M","0.50%"
"2013年1月16日","16.10","16.19","16.19","15.75","14.59M","0.06%"
"2013年1月15日","16.09","15.90","16.24","15.85","13.30M","0.44%"
"2013年1月14日","16.02","15.85","16.05","15.82","12.72M","1.07%"
"2013年1月11日","15.85","15.74","15.85","15.66","12.06M","1.41%"
"2013年1月10日","15.63","15.70","15.81","15.62","11.75M","-0.51%"
"2013年1月9日","15.71","15.16","15.73","15.16","18.61M","4.11%"
"2013年1月8日","15.09","14.93","15.25","14.93","9.97M","0.60%"
"2013年1月7日","15.00","14.80","15.06","14.77","13.04M","1.90%"
"2013年1月4日","14.72","14.74","14.78","14.59","7.82M","-0.88%"
"2013年1月3日","14.85","14.95","14.99","14.73","15.45M","4.06%"
"2012年12月28日","14.27","14.42","14.48","14.27","7.27M","-0.70%"
"2012年12月27日","14.37","14.35","14.67","14.33","7.88M","-1.44%"
"2012年12月21日","14.58","14.99","14.99","14.47","25.06M","-2.99%"
"2012年12月20日","15.03","14.97","15.09","14.92","12.26M","-1.12%"
"2012年12月19日","15.20","15.16","15.62","15.16","14.76M","-0.33%"
"2012年12月18日","15.25","15.03","15.31","14.99","12.61M","1.87%"
"2012年12月17日","14.97","14.82","14.97","14.81","9.01M","-0.47%"
"2012年12月14日","15.04","15.00","15.13","14.97","11.48M","-0.27%"
"2012年12月13日","15.08","15.23","15.24","14.95","11.42M","-1.05%"
"2012年12月12日","15.24","14.95","15.29","14.95","11.88M","1.60%"
"2012年12月11日","15.00","14.89","15.02","14.79","6.64M","0.40%"
"2012年12月10日","14.94","14.99","15.04","14.77","6.36M","-0.33%"
"2012年12月7日","14.99","14.96","15.05","14.89","9.67M","0.20%"
"2012年12月6日","14.96","14.90","15.00","14.85","8.78M","1.01%"
"2012年12月5日","14.81","14.68","14.84","14.65","10.83M","1.44%"
"2012年12月4日","14.60","14.48","14.66","14.48","7.82M","0.27%"
"2012年12月3日","14.56","14.50","14.66","14.39","9.31M","0.41%"
"2012年11月30日","14.50","14.48","14.52","14.26","12.95M","0.00%"
"2012年11月29日","14.50","14.52","14.55","14.38","8.86M","0.69%"
"2012年11月28日","14.40","14.36","14.43","14.15","7.70M","-0.48%"
"2012年11月27日","14.47","14.60","14.68","14.35","9.61M","-0.34%"
"2012年11月26日","14.52","14.70","14.74","14.51","8.60M","-1.49%"
"2012年11月23日","14.74","14.61","14.77","14.56","7.94M","0.96%"
"2012年11月22日","14.60","14.47","14.63","14.45","7.96M","0.97%"
"2012年11月21日","14.46","14.34","14.47","14.24","8.57M","0.56%"
"2012年11月20日","14.38","14.40","14.45","14.18","9.53M","-0.83%"
"2012年11月19日","14.50","14.05","14.50","14.01","8.97M","4.32%"
"2012年11月16日","13.90","14.17","14.31","13.90","13.38M","-2.66%"
"2012年11月15日","14.28","14.15","14.45","14.04","11.98M","0.07%"
"2012年11月14日","14.27","14.47","14.51","14.27","10.54M","-1.79%"
"2012年11月13日","14.53","14.32","14.58","14.21","8.68M","0.83%"
"2012年11月12日","14.41","14.32","14.54","14.24","7.38M","0.28%"
"2012年11月9日","14.37","14.48","14.59","14.17","13.18M","-1.30%"
"2012年11月8日","14.56","14.44","14.58","14.35","20.64M","-0.21%"
"2012年11月7日","14.59","14.90","14.94","14.58","22.60M","-1.08%"
"2012年11月6日","14.75","14.45","14.75","14.40","16.30M","2.43%"
"2012年11月5日","14.40","14.34","14.53","14.29","14.27M","-0.35%"
"2012年11月2日","14.45","14.50","14.70","14.27","30.00M","0.35%"
"2012年11月1日","14.40","13.90","14.40","13.89","20.79M","3.15%"
"2012年10月31日","13.96","13.84","14.02","13.77","25.11M","0.50%"
"2012年10月30日","13.89","13.50","14.04","13.42","57.84M","5.87%"
"2012年10月29日","13.12","12.60","13.14","12.60","43.40M","7.28%"
"2012年10月26日","12.23","12.25","12.28","12.08","10.98M","-0.97%"
"2012年10月25日","12.35","12.30","12.53","12.23","10.93M","0.00%"
"2012年10月24日","12.35","12.18","12.42","12.14","14.01M","1.90%"
"2012年10月23日","12.12","12.34","12.36","12.07","11.06M","-1.86%"
"2012年10月22日","12.35","12.17","12.44","12.14","9.87M","1.31%"
"2012年10月19日","12.19","12.40","12.48","12.14","12.62M","-2.56%"
"2012年10月18日","12.51","12.50","12.60","12.34","12.15M","0.40%"
"2012年10月17日","12.46","12.35","12.47","12.33","10.72M","0.73%"
"2012年10月16日","12.37","12.08","12.38","12.07","12.18M","3.00%"
"2012年10月15日","12.01","11.80","12.03","11.80","8.36M","1.44%"
"2012年10月12日","11.84","11.72","11.96","11.71","11.44M","0.42%"
"2012年10月11日","11.79","11.60","11.85","11.56","11.92M","0.94%"
"2012年10月10日","11.68","11.68","11.76","11.63","5.60M","-0.17%"
"2012年10月9日","11.70","11.81","11.85","11.69","7.04M","-0.85%"
"2012年10月8日","11.80","11.87","11.88","11.76","5.20M","-1.75%"
"2012年10月5日","12.01","12.00","12.09","11.88","7.72M","0.42%"
"2012年10月4日","11.96","11.93","12.02","11.78","7.94M","0.76%"
"2012年10月3日","11.87","11.74","11.92","11.71","7.25M","0.85%"
"2012年10月2日","11.77","11.58","11.87","11.56","8.83M","0.60%"
"2012年10月1日","11.70","11.40","11.70","11.39","7.30M","2.18%"
"2012年9月28日","11.45","11.70","11.72","11.42","8.93M","-1.46%"
"2012年9月27日","11.62","11.60","11.74","11.51","8.30M","0.61%"
"2012年9月26日","11.55","11.88","11.92","11.52","11.86M","-4.31%"
"2012年9月25日","12.07","11.99","12.07","11.90","6.25M","0.33%"
"2012年9月24日","12.03","12.07","12.09","11.92","8.03M","-1.07%"
"2012年9月21日","12.16","11.99","12.18","11.90","21.31M","2.27%"
"2012年9月20日","11.89","11.84","11.99","11.80","8.15M","-0.92%"
"2012年9月19日","12.00","12.01","12.11","11.83","9.44M","-0.08%"
"2012年9月18日","12.01","12.26","12.26","11.93","14.33M","-3.15%"
"2012年9月17日","12.40","12.35","12.60","12.33","9.15M","-0.96%"
"2012年9月14日","12.52","12.28","12.55","12.25","20.41M","4.07%"
"2012年9月13日","12.03","12.04","12.07","11.90","7.16M","-0.17%"
"2012年9月12日","12.05","11.89","12.15","11.75","16.55M","1.86%"
"2012年9月11日","11.83","11.65","11.83","11.48","8.61M","0.68%"
"2012年9月10日","11.75","11.67","11.87","11.67","9.15M","0.77%"
"2012年9月7日","11.66","11.47","11.85","11.47","20.08M","2.46%"
"2012年9月6日","11.38","10.88","11.38","10.88","17.17M","4.60%"
"2012年9月5日","10.88","10.57","10.89","10.57","11.57M","3.03%"
"2012年9月4日","10.56","10.72","10.77","10.55","5.71M","-1.58%"
"2012年9月3日","10.73","10.61","10.78","10.57","4.46M","0.47%"
"2012年8月31日","10.68","10.50","10.86","10.49","10.40M","1.23%"
"2012年8月30日","10.55","10.65","10.77","10.52","10.25M","-1.68%"
"2012年8月29日","10.73","10.68","10.78","10.64","5.47M","0.56%"
"2012年8月28日","10.67","10.79","10.81","10.66","6.87M","-1.75%"
"2012年8月27日","10.86","10.72","10.88","10.72","5.33M","1.31%"
"2012年8月24日","10.72","10.83","10.85","10.64","6.52M","-1.47%"
"2012年8月23日","10.88","11.06","11.19","10.76","10.25M","-1.27%"
"2012年8月22日","11.02","10.74","11.04","10.71","14.39M","1.57%"
"2012年8月21日","10.85","10.56","10.85","10.55","11.86M","3.04%"
"2012年8月20日","10.53","10.72","10.77","10.47","7.61M","-1.77%"
"2012年8月17日","10.72","10.65","10.73","10.61","11.12M","1.61%"
"2012年8月16日","10.55","10.50","10.59","10.39","6.69M","0.96%"
"2012年8月15日","10.45","10.42","10.53","10.41","3.12M","-0.38%"
"2012年8月14日","10.49","10.57","10.61","10.45","4.83M","-0.10%"
"2012年8月13日","10.50","10.53","10.63","10.48","5.18M","-0.28%"
"2012年8月10日","10.53","10.52","10.66","10.45","10.13M","-0.47%"
"2012年8月9日","10.58","10.60","10.65","10.49","7.11M","-0.19%"
"2012年8月8日","10.60","10.67","10.75","10.49","6.74M","-0.75%"
"2012年8月7日","10.68","10.62","10.69","10.42","7.89M","0.85%"
"2012年8月6日","10.59","10.46","10.66","10.32","8.42M","0.86%"
"2012年8月3日","10.50","10.24","10.50","10.14","11.90M","3.55%"
"2012年8月2日","10.14","10.39","10.52","10.08","18.06M","-1.46%"
"2012年7月31日","10.29","10.57","10.57","10.17","21.32M","-5.86%"
"2012年7月30日","10.93","10.63","10.94","10.54","14.35M","3.90%"
"2012年7月27日","10.52","10.39","10.57","10.18","13.78M","1.84%"
"2012年7月26日","10.33","10.02","10.38","9.86","18.45M","2.68%"
"2012年7月25日","10.06","9.84","10.06","9.84","12.38M","1.93%"
"2012年7月24日","9.87","9.86","9.95","9.69","12.64M","0.82%"
"2012年7月23日","9.79","9.97","10.00","9.71","18.11M","-2.39%"
"2012年7月20日","10.03","10.50","10.52","10.02","16.88M","-4.39%"
"2012年7月19日","10.49","10.53","10.59","10.37","11.49M","0.10%"
"2012年7月18日","10.48","10.40","10.48","10.26","11.98M","1.26%"
"2012年7月17日","10.35","10.40","10.50","10.30","7.72M","-0.10%"
"2012年7月16日","10.36","10.45","10.50","10.30","4.66M","-0.77%"
"2012年7月13日","10.44","10.56","10.56","10.31","8.65M","-0.10%"
"2012年7月12日","10.45","10.52","10.63","10.41","8.74M","-1.04%"
"2012年7月11日","10.56","10.53","10.67","10.51","6.63M","-0.28%"
"2012年7月10日","10.59","10.70","10.89","10.58","8.99M","-0.75%"
"2012年7月9日","10.67","10.75","10.77","10.61","10.74M","-1.20%"
"2012年7月6日","10.80","11.06","11.10","10.80","9.33M","-2.88%"
"2012年7月5日","11.12","11.15","11.34","11.04","9.50M","-0.27%"
"2012年7月4日","11.15","11.22","11.26","11.02","6.71M","-0.98%"
"2012年7月3日","11.26","11.31","11.35","11.19","7.76M","0.54%"
"2012年7月2日","11.20","11.12","11.31","11.05","7.89M","1.36%"
"2012年6月29日","11.05","11.02","11.09","10.82","10.92M","2.89%"
"2012年6月28日","10.74","11.07","11.15","10.59","13.93M","-2.81%"
"2012年6月27日","11.05","10.91","11.05","10.77","11.13M","2.13%"
"2012年6月26日","10.82","11.04","11.08","10.82","10.95M","-2.08%"
"2012年6月25日","11.05","11.29","11.36","10.99","7.92M","-2.99%"
"2012年6月22日","11.39","11.30","11.56","11.25","6.20M","0.00%"
"2012年6月21日","11.39","11.36","11.52","11.29","7.49M","-0.09%"
"2012年6月20日","11.40","11.41","11.48","11.34","8.70M","-0.09%"
"2012年6月19日","11.41","11.19","11.43","11.14","10.18M","1.51%"
"2012年6月18日","11.24","11.45","11.50","11.16","10.07M","-0.44%"
"2012年6月15日","11.29","11.32","11.37","11.20","27.06M","1.53%"
"2012年6月14日","11.12","11.14","11.24","10.62","20.24M","-0.27%"
"2012年6月13日","11.15","11.09","11.15","10.97","13.66M","0.63%"
"2012年6月12日","11.08","11.00","11.10","10.90","11.05M","0.64%"
"2012年6月11日","11.01","11.48","11.50","11.00","12.68M","-1.43%"
"2012年6月8日","11.17","11.22","11.24","10.98","8.20M","-1.06%"
"2012年6月7日","11.29","11.20","11.41","11.15","15.52M","1.26%"
"2012年6月6日","11.15","10.83","11.15","10.75","12.68M","4.21%"
"2012年6月5日","10.70","10.68","10.80","10.62","6.81M","0.09%"
"2012年6月4日","10.69","10.73","10.95","10.69","8.59M","-1.93%"
"2012年6月1日","10.90","11.06","11.12","10.81","12.14M","-0.46%"
"2012年5月31日","10.95","11.22","11.29","10.90","14.71M","-2.14%"
"2012年5月30日","11.19","11.16","11.44","11.12","14.16M","-0.27%"
"2012年5月29日","11.22","11.27","11.37","11.13","8.91M","0.63%"
"2012年5月25日","11.15","11.20","11.43","11.07","10.09M","-0.89%"
"2012年5月24日","11.25","11.15","11.40","11.06","14.98M","2.18%"
"2012年5月23日","11.01","10.97","11.26","10.93","14.33M","-1.34%"
"2012年5月22日","11.16","10.90","11.20","10.82","14.32M","3.24%"
"2012年5月21日","10.81","10.64","10.89","10.60","11.48M","1.12%"
"2012年5月18日","10.69","10.65","10.95","10.55","20.52M","-2.37%"
"2012年5月16日","10.95","10.95","11.09","10.91","15.83M","-0.90%"
"2012年5月15日","11.05","11.08","11.32","11.01","15.36M","-0.45%"
"2012年5月14日","11.10","11.28","11.32","11.06","13.76M","-3.14%"
"2012年5月11日","11.46","11.30","11.49","11.15","16.08M","0.26%"
"2012年5月10日","11.43","11.16","11.56","11.15","17.81M","3.44%"
"2012年5月9日","11.05","11.26","11.29","10.91","16.22M","-1.60%"
"2012年5月8日","11.23","11.35","11.47","11.21","13.10M","-1.92%"
"2012年5月7日","11.45","11.09","11.46","11.05","10.69M","0.79%"
"2012年5月4日","11.36","11.41","11.66","11.30","13.05M","-0.70%"
"2012年5月3日","11.44","11.65","11.85","11.44","16.45M","-2.64%"
"2012年5月2日","11.75","11.90","12.09","11.72","22.14M","3.71%"
"2012年4月30日","11.33","11.52","11.57","11.30","10.07M","-1.82%"
"2012年4月27日","11.54","11.25","11.64","11.18","11.28M","1.32%"
"2012年4月26日","11.39","11.44","11.51","11.24","8.61M","-0.52%"
"2012年4月25日","11.45","11.49","11.54","11.30","14.41M","1.06%"
"2012年4月24日","11.33","11.30","11.38","11.10","14.10M","1.16%"
"2012年4月23日","11.20","11.40","11.42","11.10","13.39M","-2.27%"
"2012年4月20日","11.46","11.45","11.62","11.37","14.69M","0.26%"
"2012年4月19日","11.43","11.57","11.63","11.36","12.97M","-0.70%"
"2012年4月18日","11.51","11.82","11.82","11.48","10.63M","-2.62%"
"2012年4月17日","11.82","11.40","11.85","11.38","11.88M","3.96%"
"2012年4月16日","11.37","11.44","11.57","11.30","13.71M","-1.30%"
"2012年4月13日","11.52","11.80","11.92","11.46","13.82M","-2.37%"
"2012年4月12日","11.80","11.74","11.83","11.50","14.29M","1.29%"
"2012年4月11日","11.65","11.51","11.75","11.49","13.68M","1.04%"
"2012年4月10日","11.53","11.90","11.94","11.51","17.54M","-4.95%"
"2012年4月5日","12.13","12.15","12.28","11.88","11.48M","0.00%"
"2012年4月4日","12.13","12.42","12.45","12.08","15.26M","-2.65%"
"2012年4月3日","12.46","12.67","12.79","12.46","8.46M","-1.97%"
"2012年4月2日","12.71","12.75","12.75","12.43","11.47M","0.47%"
"2012年3月30日","12.65","12.60","12.69","12.53","11.56M","0.64%"
"2012年3月29日","12.57","12.75","12.89","12.51","13.39M","-2.03%"
"2012年3月28日","12.83","12.95","13.01","12.80","7.98M","-1.53%"
"2012年3月27日","13.03","13.10","13.20","12.99","10.24M","0.23%"
"2012年3月26日","13.00","12.95","13.03","12.84","8.93M","1.01%"
"2012年3月23日","12.87","12.86","12.98","12.72","9.76M","-0.39%"
"2012年3月22日","12.92","12.92","12.98","12.80","10.92M","-0.46%"
"2012年3月21日","12.98","13.10","13.19","12.92","11.16M","-0.69%"
"2012年3月20日","13.07","13.19","13.22","13.05","8.32M","-1.51%"
"2012年3月19日","13.27","13.20","13.32","13.09","10.00M","0.23%"
"2012年3月16日","13.24","13.25","13.35","13.12","33.10M","0.38%"
"2012年3月15日","13.19","13.04","13.19","12.96","9.95M","1.31%"
"2012年3月14日","13.02","12.88","13.20","12.85","17.92M","1.96%"
"2012年3月13日","12.77","12.51","12.78","12.50","13.43M","2.82%"
"2012年3月12日","12.42","12.30","12.60","12.30","10.20M","-0.16%"
"2012年3月9日","12.44","12.54","12.63","12.38","13.25M","-0.88%"
"2012年3月8日","12.55","12.46","12.64","12.41","12.10M","1.70%"
"2012年3月7日","12.34","12.05","12.42","12.05","13.85M","1.56%"
"2012年3月6日","12.15","12.50","12.53","12.15","15.32M","-3.72%"
"2012年3月5日","12.62","12.63","12.70","12.53","10.39M","-0.86%"
"2012年3月2日","12.73","12.60","12.81","12.60","13.36M","0.87%"
"2012年3月1日","12.62","12.54","12.68","12.45","18.18M","-0.24%"
"2012年2月29日","12.65","12.76","12.90","12.61","9.52M","-0.24%"
"2012年2月28日","12.68","12.80","12.91","12.52","8.71M","-0.55%"
"2012年2月27日","12.75","12.76","12.83","12.55","7.48M","-1.01%"
"2012年2月24日","12.88","12.86","12.98","12.81","9.68M","0.78%"
"2012年2月23日","12.78","12.68","12.98","12.66","9.52M","0.24%"
"2012年2月22日","12.75","13.13","13.16","12.75","11.50M","-3.34%"
"2012年2月21日","13.19","13.29","13.34","13.05","9.74M","-0.83%"
"2012年2月20日","13.30","13.17","13.34","13.16","7.97M","1.60%"
"2012年2月17日","13.09","13.28","13.29","13.05","33.10M","-0.08%"
"2012年2月16日","13.10","12.87","13.10","12.76","12.00M","0.77%"
"2012年2月15日","13.00","13.09","13.19","12.94","12.30M","0.78%"
"2012年2月14日","12.90","12.81","13.14","12.75","11.19M","-0.23%"
"2012年2月13日","12.93","12.85","13.09","12.85","9.55M","1.57%"
"2012年2月10日","12.73","13.02","13.08","12.66","13.64M","-2.75%"
"2012年2月9日","13.09","13.14","13.28","13.01","12.78M","-0.08%"
"2012年2月8日","13.10","13.05","13.23","13.05","13.84M","0.61%"
"2012年2月7日","13.02","12.95","13.25","12.83","19.39M","-1.44%"
"2012年2月6日","13.21","13.32","13.36","13.16","10.88M","-1.78%"
"2012年2月3日","13.45","12.95","13.60","12.83","21.57M","3.54%"
"2012年2月2日","12.99","12.94","13.00","12.62","11.37M","0.23%"
"2012年2月1日","12.96","12.56","12.96","12.56","11.54M","3.43%"
"2012年1月31日","12.53","12.61","12.71","12.47","8.27M","0.40%"
"2012年1月30日","12.48","12.67","12.73","12.38","9.21M","-3.03%"
"2012年1月27日","12.87","12.86","12.99","12.71","9.91M","-0.92%"
"2012年1月26日","12.99","12.81","12.99","12.65","15.15M","2.12%"
"2012年1月25日","12.72","12.72","12.82","12.48","10.96M","0.47%"
"2012年1月24日","12.66","12.75","12.85","12.43","12.48M","-1.78%"
"2012年1月23日","12.89","12.69","13.00","12.63","15.64M","1.90%"
"2012年1月20日","12.65","12.68","12.81","12.37","19.42M","0.64%"
"2012年1月19日","12.57","11.80","12.57","11.74","34.95M","8.08%"
"2012年1月18日","11.63","11.42","11.66","11.33","10.62M","0.95%"
"2012年1月17日","11.52","11.63","11.73","11.46","11.78M","0.00%"
"2012年1月16日","11.52","11.27","11.53","11.26","6.17M","1.23%"
"2012年1月13日","11.38","11.47","11.64","11.24","11.24M","-0.09%"
"2012年1月12日","11.39","11.23","11.50","11.18","11.34M","2.43%"
"2012年1月11日","11.12","11.10","11.19","10.97","9.29M","0.36%"
"2012年1月10日","11.08","10.78","11.14","10.73","10.10M","3.55%"
"2012年1月9日","10.70","11.06","11.08","10.64","17.87M","-3.52%"
"2012年1月6日","11.09","11.24","11.32","11.06","8.58M","-0.89%"
"2012年1月5日","11.19","11.56","11.62","11.15","12.20M","-3.28%"
"2012年1月4日","11.57","11.54","11.64","11.39","9.56M","0.35%"
"2012年1月3日","11.53","11.35","11.60","11.31","10.98M","3.13%"
"2011年12月30日","11.18","11.14","11.19","11.09","4.75M","1.18%"
"2011年12月29日","11.05","11.05","11.07","10.96","4.45M","-0.18%"
"2011年12月28日","11.07","11.20","11.27","11.02","5.30M","-1.34%"
"2011年12月27日","11.22","11.39","11.40","11.16","3.01M","-1.32%"
"2011年12月23日","11.37","11.33","11.38","11.25","5.50M","1.25%"
"2011年12月22日","11.23","10.91","11.23","10.91","10.57M","3.12%"
"2011年12月21日","10.89","11.00","11.09","10.84","8.82M","-0.27%"
"2011年12月20日","10.92","10.70","10.92","10.60","10.73M","1.11%"
"2011年12月19日","10.80","10.73","11.05","10.70","8.78M","-0.55%"
"2011年12月16日","10.86","11.19","11.19","10.78","25.21M","-1.36%"
"2011年12月15日","11.01","10.96","11.10","10.92","9.74M","0.55%"
"2011年12月14日","10.95","11.00","11.15","10.93","10.13M","-1.44%"
"2011年12月13日","11.11","11.23","11.26","11.02","9.01M","-0.98%"
"2011年12月12日","11.22","11.32","11.42","11.17","8.70M","-1.75%"
"2011年12月9日","11.42","10.90","11.46","10.86","12.22M","2.70%"
"2011年12月8日","11.12","11.51","11.62","11.05","18.30M","-2.03%"
"2011年12月7日","11.35","11.57","11.61","11.13","12.06M","-1.05%"
"2011年12月6日","11.47","11.27","11.55","11.23","12.51M","0.61%"
"2011年12月5日","11.40","11.48","11.54","11.36","11.19M","0.35%"
"2011年12月2日","11.36","11.15","11.46","11.08","16.85M","3.56%"
"2011年12月1日","10.97","11.24","11.29","10.92","12.54M","-1.88%"